<?xml version='1.0' encoding='UTF-8'?>
<odoo>

    <record id="22-v" model="account.tax.template">
        <field name="description">22-v</field>
        <field name="chart_template_id" ref="l10n_it_chart_template_np"/>
        <field name="name">Iva 22% Vendite</field>
        <field name="sequence">1</field>
        <field name="amount">22</field>
        <field name="amount_type">percent</field>
        <field name="type_tax_use">sale</field>
        <field name="price_include">False</field>
        <field name="tax_group_id" ref="tax_group_iva_22"/>
        <field name="invoice_repartition_line_ids" eval="[(5, 0, 0),
            (0,0, {
                'factor_percent': 100,
                'repartition_type': 'base',
            }),
            (0,0, {
                'factor_percent': 100,
                'repartition_type': 'tax',
                'account_id': ref('2435'),
            }),
        ]"/>
        <field name="refund_repartition_line_ids" eval="[(5, 0, 0),
            (0,0, {
                'factor_percent': 100,
                'repartition_type': 'base',
            }),
            (0,0, {
                'factor_percent': 100,
                'repartition_type': 'tax',
                'account_id': ref('2435'),
            }),
        ]"/>
    </record>

    <record id="22-a" model="account.tax.template">
        <field name="description">22-a</field>
        <field name="chart_template_id" ref="l10n_it_chart_template_np"/>
        <field name="name">Iva al 22% acquisti</field>
        <field name="sequence">2</field>
        <field name="amount">22</field>
        <field name="amount_type">percent</field>
        <field name="type_tax_use">purchase</field>
        <field name="price_include">False</field>
        <field name="tax_group_id" ref="tax_group_iva_22"/>
        <field name="invoice_repartition_line_ids" eval="[(5, 0, 0),
            (0,0, {
                'factor_percent': 100,
                'repartition_type': 'base',
            }),
            (0,0, {
                'factor_percent': 100,
                'repartition_type': 'tax',
                'account_id': ref('2435'),
            }),
        ]"/>
        <field name="refund_repartition_line_ids" eval="[(5, 0, 0),
            (0,0, {
                'factor_percent': 100,
                'repartition_type': 'base',
            }),
            (0,0, {
                'factor_percent': 100,
                'repartition_type': 'tax',
                'account_id': ref('2435'),
            }),
        ]"/>
    </record>

    

    
    <record id="4v" model="account.tax.template">
        <field name="description">4v</field>
        <field name="chart_template_id" ref="l10n_it_chart_template_np"/>
        <field name="name">Iva 4% acquisti</field>
        <field name="sequence">17</field>
        <field name="amount">4</field>
        <field name="amount_type">percent</field>
        <field name="type_tax_use">sale</field>
        <field name="price_include">False</field>
        <field name="tax_group_id" ref="tax_group_iva_4"/>
        <field name="invoice_repartition_line_ids" eval="[(5, 0, 0),
            (0,0, {
                'factor_percent': 100,
                'repartition_type': 'base',
            }),
            (0,0, {
                'factor_percent': 100,
                'repartition_type': 'tax',
                'account_id': ref('2435'),
            }),
        ]"/>
        <field name="refund_repartition_line_ids" eval="[(5, 0, 0),
            (0,0, {
                'factor_percent': 100,
                'repartition_type': 'base',
            }),
            (0,0, {
                'factor_percent': 100,
                'repartition_type': 'tax',
                'account_id': ref('2435'),
            }),
        ]"/>
    </record>

    <record id="4-a" model="account.tax.template">
        <field name="description">4-a</field>
        <field name="chart_template_id" ref="l10n_it_chart_template_np"/>
        <field name="name">Iva 4% acquisti</field>
        <field name="sequence">18</field>
        <field name="amount">4</field>
        <field name="amount_type">percent</field>
        <field name="type_tax_use">purchase</field>
        <field name="price_include">False</field>
        <field name="tax_group_id" ref="tax_group_iva_4"/>
        <field name="invoice_repartition_line_ids" eval="[(5, 0, 0),
            (0,0, {
                'factor_percent': 100,
                'repartition_type': 'base',
            }),
            (0,0, {
                'factor_percent': 100,
                'repartition_type': 'tax',
                'account_id': ref('2435'),
            }),
        ]"/>
        <field name="refund_repartition_line_ids" eval="[(5, 0, 0),
            (0,0, {
                'factor_percent': 100,
                'repartition_type': 'base',
            }),
            (0,0, {
                'factor_percent': 100,
                'repartition_type': 'tax',
                'account_id': ref('2435'),
            }),
        ]"/>
    </record>

    <record id="4-a-ind" model="account.tax.template">
        <field name="description">4-a-ind</field>
        <field name="chart_template_id" ref="l10n_it_chart_template_np"/>
        <field name="name">Iva 4% indetraibile</field>
        <field name="sequence">19</field>
        <field name="amount">4</field>
        <field name="amount_type">percent</field>
        <field name="type_tax_use">purchase</field>
        <field name="price_include">False</field>
        <field name="tax_group_id" ref="tax_group_iva_4_ind"/>
        <field name="invoice_repartition_line_ids" eval="[(5, 0, 0),
            (0,0, {
                'factor_percent': 100,
                'repartition_type': 'base',
            }),
            (0,0, {
                'factor_percent': 100,
                'repartition_type': 'tax',
            }),
        ]"/>
        <field name="refund_repartition_line_ids" eval="[(5, 0, 0),
            (0,0, {
                'factor_percent': 100,
                'repartition_type': 'base',
            }),
            (0,0, {
                'factor_percent': 100,
                'repartition_type': 'tax',
            }),
        ]"/>
    </record>

    <record id="10-a-d-50" model="account.tax.template">
        <field name="description">10-a-d-50</field>
        <field name="chart_template_id" ref="l10n_it_chart_template_np"/>
        <field name="name">IVA 10% detraibile al 50%</field>
        <field name="sequence">20</field>
        <field name="amount">10</field>
        <field name="amount_type">percent</field>
        <field name="type_tax_use">purchase</field>
        <field name="price_include">False</field>
        <field name="tax_group_id" ref="tax_group_iva_10_de_50"/>
        <field name="invoice_repartition_line_ids" eval="[(5, 0, 0),
            (0,0, {
                'factor_percent': 100,
                'repartition_type': 'base',
            }),
            (0,0, {
                'factor_percent': 50,
                'repartition_type': 'tax',
                'account_id': ref('2435'),
            }),
            (0,0, {
                'factor_percent': 50,
                'repartition_type': 'tax',
            }),
        ]"/>
        <field name="refund_repartition_line_ids" eval="[(5, 0, 0),
            (0,0, {
                'factor_percent': 100,
                'repartition_type': 'base',
            }),
            (0,0, {
                'factor_percent': 50,
                'repartition_type': 'tax',
                'account_id': ref('2435'),
            }),
            (0,0, {
                'factor_percent': 50,
                'repartition_type': 'tax',
            }),
        ]"/>
    </record>

    <record id="4-a-d-50" model="account.tax.template">
        <field name="description">4-a-d-50</field>
        <field name="chart_template_id" ref="l10n_it_chart_template_np"/>
        <field name="name">IVA 4% detraibile al 50%</field>
        <field name="sequence">21</field>
        <field name="amount">4</field>
        <field name="amount_type">percent</field>
        <field name="type_tax_use">purchase</field>
        <field name="price_include">False</field>
        <field name="tax_group_id" ref="tax_group_iva_4_de_50"/>
        <field name="invoice_repartition_line_ids" eval="[(5, 0, 0),
            (0,0, {
                'factor_percent': 100,
                'repartition_type': 'base',
            }),
            (0,0, {
                'factor_percent': 50,
                'repartition_type': 'tax',
                'account_id': ref('2435'),
            }),
            (0,0, {
                'factor_percent': 50,
                'repartition_type': 'tax',
            }),
        ]"/>
        <field name="refund_repartition_line_ids" eval="[(5, 0, 0),
            (0,0, {
                'factor_percent': 100,
                'repartition_type': 'base',
            }),
            (0,0, {
                'factor_percent': 50,
                'repartition_type': 'tax',
                'account_id': ref('2435'),
            }),
            (0,0, {
                'factor_percent': 50,
                'repartition_type': 'tax',
            }),
        ]"/>
    </record>

    <record id="00-v" model="account.tax.template">
        <field name="description">00-v</field>
        <field name="chart_template_id" ref="l10n_it_chart_template_np"/>
        <field name="name">Fuori Campo IVA vendite</field>
        <field name="sequence">22</field>
        <field name="amount">0</field>
        <field name="amount_type">percent</field>
        <field name="type_tax_use">sale</field>
        <field name="price_include">False</field>
        <field name="tax_group_id" ref="tax_group_fuori"/>
        <field name="invoice_repartition_line_ids" eval="[(5, 0, 0),
            (0,0, {
                'factor_percent': 100,
                'repartition_type': 'base',
            }),
            (0,0, {
                'factor_percent': 100,
                'repartition_type': 'tax',
            }),
        ]"/>
        <field name="refund_repartition_line_ids" eval="[(5, 0, 0),
            (0,0, {
                'factor_percent': 100,
                'repartition_type': 'base',
            }),
            (0,0, {
                'factor_percent': 100,
                'repartition_type': 'tax',
            }),
        ]"/>
    </record>

    <record id="00-a" model="account.tax.template">
        <field name="description">00-a</field>
        <field name="chart_template_id" ref="l10n_it_chart_template_np"/>
        <field name="name">Fuori Campo IVA acquisti</field>
        <field name="sequence">23</field>
        <field name="amount">0</field>
        <field name="amount_type">percent</field>
        <field name="type_tax_use">purchase</field>
        <field name="price_include">False</field>
        <field name="tax_group_id" ref="tax_group_fuori"/>
        <field name="invoice_repartition_line_ids" eval="[(5, 0, 0),
            (0,0, {
                'factor_percent': 100,
                'repartition_type': 'base',
            }),
            (0,0, {
                'factor_percent': 100,
                'repartition_type': 'tax',
            }),
        ]"/>
        <field name="refund_repartition_line_ids" eval="[(5, 0, 0),
            (0,0, {
                'factor_percent': 100,
                'repartition_type': 'base',
            }),
            (0,0, {
                'factor_percent': 100,
                'repartition_type': 'tax',
            }),
        ]"/>
    </record>

    <record id="00-v-art15" model="account.tax.template">
        <field name="description">00-v-art15</field>
        <field name="chart_template_id" ref="l10n_it_chart_template_np"/>
        <field name="name">Escluso Art.15 vendite</field>
        <field name="sequence">22</field>
        <field name="amount">0</field>
        <field name="amount_type">percent</field>
        <field name="type_tax_use">sale</field>
        <field name="price_include">False</field>
        <field name="tax_group_id" ref="tax_group_imp_esc_art_15"/>
        <field name="invoice_repartition_line_ids" eval="[(5, 0, 0),
            (0,0, {
                'factor_percent': 100,
                'repartition_type': 'base',
            }),
            (0,0, {
                'factor_percent': 100,
                'repartition_type': 'tax',
            }),
        ]"/>
        <field name="refund_repartition_line_ids" eval="[(5, 0, 0),
            (0,0, {
                'factor_percent': 100,
                'repartition_type': 'base',
            }),
            (0,0, {
                'factor_percent': 100,
                'repartition_type': 'tax',
            }),
        ]"/>
    </record>

    <record id="00-a-art15" model="account.tax.template">
        <field name="description">00-a-art15</field>
        <field name="chart_template_id" ref="l10n_it_chart_template_np"/>
        <field name="name">Escluso Art.15 Acquisti</field>
        <field name="sequence">23</field>
        <field name="amount">0</field>
        <field name="amount_type">percent</field>
        <field name="type_tax_use">purchase</field>
        <field name="price_include">False</field>
        <field name="tax_group_id" ref="tax_group_imp_esc_art_15"/>
        <field name="invoice_repartition_line_ids" eval="[(5, 0, 0),
            (0,0, {
                'factor_percent': 100,
                'repartition_type': 'base',
            }),
            (0,0, {
                'factor_percent': 100,
                'repartition_type': 'tax',
            }),
        ]"/>
        <field name="refund_repartition_line_ids" eval="[(5, 0, 0),
            (0,0, {
                'factor_percent': 100,
                'repartition_type': 'base',
            }),
            (0,0, {
                'factor_percent': 100,
                'repartition_type': 'tax',
            }),
        ]"/>
    </record>

    <record id="22-v-incl" model="account.tax.template">
        <field name="description">22-v-incl</field>
        <field name="chart_template_id" ref="l10n_it_chart_template_np"/>
        <field name="name">Iva 22% vendite inclusa </field>
        <field name="sequence">24</field>
        <field name="amount">22</field>
        <field name="amount_type">percent</field>
        <field name="type_tax_use">sale</field>
        <field name="price_include">True</field>
        <field name="tax_group_id" ref="tax_group_iva_22"/>
        <field name="invoice_repartition_line_ids" eval="[(5, 0, 0),
            (0,0, {
                'factor_percent': 100,
                'repartition_type': 'base',
            }),
            (0,0, {
                'factor_percent': 100,
                'repartition_type': 'tax',
                'account_id': ref('2435'),
            }),
        ]"/>
        <field name="refund_repartition_line_ids" eval="[(5, 0, 0),
            (0,0, {
                'factor_percent': 100,
                'repartition_type': 'base',
            }),
            (0,0, {
                'factor_percent': 100,
                'repartition_type': 'tax',
                'account_id': ref('2435'),
            }),
        ]"/>
    </record>

    

    

    <record id="22-v-d-40" model="account.tax.template">
        <field name="description">22-v-d-40</field>
        <field name="chart_template_id" ref="l10n_it_chart_template_np"/>
        <field name="name">Iva 22% acquisti detraibile al 40%</field>
        <field name="sequence">33</field>
        <field name="amount">22</field>
        <field name="amount_type">percent</field>
        <field name="type_tax_use">purchase</field>
        <field name="price_include">False</field>
        <field name="tax_group_id" ref="tax_group_iva_22_de_40"/>
        <field name="invoice_repartition_line_ids" eval="[(5, 0, 0),
            (0,0, {
                'factor_percent': 100,
                'repartition_type': 'base',
            }),
            (0,0, {
                'factor_percent': 40,
                'repartition_type': 'tax',
                'account_id': ref('2435'),
            }),
            (0,0, {
                'factor_percent': 60,
                'repartition_type': 'tax',
            }),
        ]"/>
        <field name="refund_repartition_line_ids" eval="[(5, 0, 0),
            (0,0, {
                'factor_percent': 100,
                'repartition_type': 'base',
            }),
            (0,0, {
                'factor_percent': 40,
                'repartition_type': 'tax',
                'account_id': ref('2435'),
            }),
            (0,0, {
                'factor_percent': 60,
                'repartition_type': 'tax',
            }),
        ]"/>
    </record>

    <record id="22-a-ind" model="account.tax.template">
        <field name="description">22-a-ind</field>
        <field name="chart_template_id" ref="l10n_it_chart_template_np"/>
        <field name="name">Iva 22% acquisti indetraibile</field>
        <field name="sequence">34</field>
        <field name="amount">22</field>
        <field name="amount_type">percent</field>
        <field name="type_tax_use">purchase</field>
        <field name="price_include">False</field>
        <field name="tax_group_id" ref="tax_group_iva_22_ind"/>
        <field name="invoice_repartition_line_ids" eval="[(5, 0, 0),
            (0,0, {
                'factor_percent': 100,
                'repartition_type': 'base',
            }),
            (0,0, {
                'factor_percent': 100,
                'repartition_type': 'tax',
            }),
        ]"/>
        <field name="refund_repartition_line_ids" eval="[(5, 0, 0),
            (0,0, {
                'factor_percent': 100,
                'repartition_type': 'base',
            }),
            (0,0, {
                'factor_percent': 100,
                'repartition_type': 'tax',
            }),
        ]"/>
    </record>

    <record id="22-a-d-50" model="account.tax.template">
        <field name="description">22-a-d-50</field>
        <field name="chart_template_id" ref="l10n_it_chart_template_np"/>
        <field name="name">IVA 22% acquisti detraibile al 50%</field>
        <field name="sequence">35</field>
        <field name="amount">22</field>
        <field name="amount_type">percent</field>
        <field name="type_tax_use">purchase</field>
        <field name="price_include">False</field>
        <field name="tax_group_id" ref="tax_group_iva_22_de_50"/>
        <field name="invoice_repartition_line_ids" eval="[(5, 0, 0),
            (0,0, {
                'factor_percent': 100,
                'repartition_type': 'base',
            }),
            (0,0, {
                'factor_percent': 50,
                'repartition_type': 'tax',
                'account_id': ref('2435'),
            }),
            (0,0, {
                'factor_percent': 50,
                'repartition_type': 'tax',
            }),
        ]"/>
        <field name="refund_repartition_line_ids" eval="[(5, 0, 0),
            (0,0, {
                'factor_percent': 100,
                'repartition_type': 'base',
            }),
            (0,0, {
                'factor_percent': 50,
                'repartition_type': 'tax',
            }),
            (0,0, {
                'factor_percent': 50,
                'repartition_type': 'tax',
                'account_id': ref('2435'),
            }),
        ]"/>
    </record>

</odoo>
